Algorithm,Cost,Improvement
"['Random Search', 'Simple Local Search', '2-opt Local Search', 'Local Search with No Improvement Limit', 'Local Search with 2-opt and No Improvement Limit']","[72.59357826148643, 60.570237252760414, 50.48751188821616, 69.51239943312166, 50.48751188821616]","[0, 16.562540787584844, 30.451820812087384, 4.2444234079028025, 30.451820812087384]"
"['Random Search', 'Simple Local Search', '2-opt Local Search', 'Local Search with No Improvement Limit', 'Local Search with 2-opt and No Improvement Limit']","[74.1538665121317, 60.570237252760414, 58.907465964576836, 70.40645838216125, 58.907465964576836]","[0, 18.31816720864984, 20.56049301901274, 5.053557294085764, 20.56049301901274]"
"['Random Search', 'Simple Local Search', '2-opt Local Search', 'Local Search with No Improvement Limit', 'Local Search with 2-opt and No Improvement Limit']","[66.94645628233033, 70.52027172066434, 50.48751188821616, 72.1791159847613, 50.48751188821616]","[0, -5.3383190639132785, 24.58523618442564, -7.816186237496277, 24.58523618442564]"
"['Random Search', 'Simple Local Search', '2-opt Local Search', 'Local Search with No Improvement Limit', 'Local Search with 2-opt and No Improvement Limit']","[73.20172869859154, 60.570237252760414, 53.275528064049894, 76.27866306885116, 53.275528064049894]","[0, 17.255728341937594, 27.22094271378189, -4.20336298740828, 27.22094271378189]"
"['Random Search', 'Simple Local Search', '2-opt Local Search', 'Local Search with No Improvement Limit', 'Local Search with 2-opt and No Improvement Limit']","[72.76287579865304, 71.90457442941687, 62.87506080146307, 72.1791159847613, 62.87506080146307]","[0, 1.1795869250842086, 13.589093186134088, 0.802276995630445, 13.589093186134088]"
"['Random Search', 'Simple Local Search', '2-opt Local Search', 'Local Search with No Improvement Limit', 'Local Search with 2-opt and No Improvement Limit']","[69.37226380176163, 60.570237252760414, 60.02201106233229, 72.07216583277739, 60.02201106233229]","[0, 12.688106264131605, 13.478373382982934, -3.8919041747448238, 13.478373382982934]"
"['Random Search', 'Simple Local Search', '2-opt Local Search', 'Local Search with No Improvement Limit', 'Local Search with 2-opt and No Improvement Limit']","[68.94918077629883, 53.41277441777646, 50.48751188821616, 53.41277441777646, 50.48751188821616]","[0, 22.53312683863386, 26.775762496700818, 22.53312683863386, 26.775762496700818]"
"['Random Search', 'Simple Local Search', '2-opt Local Search', 'Local Search with No Improvement Limit', 'Local Search with 2-opt and No Improvement Limit']","[72.31601055977931, 68.04093295307997, 62.842861897781916, 72.1791159847613, 62.842861897781916]","[0, 5.911661295482264, 13.099656063253814, 0.1893005075340215, 13.099656063253814]"
"['Random Search', 'Simple Local Search', '2-opt Local Search', 'Local Search with No Improvement Limit', 'Local Search with 2-opt and No Improvement Limit']","[65.04602543815507, 78.8561700940582, 50.83019887888237, 53.41277441777646, 50.83019887888237]","[0, -21.23134282667838, 21.85502721113825, 17.884645436852026, 21.85502721113825]"
"['Random Search', 'Simple Local Search', '2-opt Local Search', 'Local Search with No Improvement Limit', 'Local Search with 2-opt and No Improvement Limit']","[72.11684352794998, 68.04093295307997, 62.190623016035204, 76.27866306885116, 62.190623016035204]","[0, 5.651814992832191, 13.764080659004051, -5.770939682472654, 13.764080659004051]"
"['Random Search', 'Simple Local Search', '2-opt Local Search', 'Local Search with No Improvement Limit', 'Local Search with 2-opt and No Improvement Limit']","[68.63845888811987, 60.44699742278016, 58.03666559815344, 53.75546140844267, 58.03666559815344]","[0, 11.934215304413708, 15.445849836528625, 21.68317546863394, 15.445849836528625]"
"['Random Search', 'Simple Local Search', '2-opt Local Search', 'Local Search with No Improvement Limit', 'Local Search with 2-opt and No Improvement Limit']","[71.13260764623405, 53.41277441777646, 61.298593694100525, 63.893367727703534, 61.298593694100525]","[0, 24.910985010677763, 13.8249029208114, 10.177104647328052, 13.8249029208114]"
"['Random Search', 'Simple Local Search', '2-opt Local Search', 'Local Search with No Improvement Limit', 'Local Search with 2-opt and No Improvement Limit']","[72.57430136402476, 61.20165393742211, 50.48751188821616, 53.75546140844267, 50.48751188821616]","[0, 15.67035054124558, 30.43334770116998, 25.930445904244877, 30.43334770116998]"
"['Random Search', 'Simple Local Search', '2-opt Local Search', 'Local Search with No Improvement Limit', 'Local Search with 2-opt and No Improvement Limit']","[68.24659333689938, 72.63945813278502, 50.48751188821616, 68.04093295307997, 50.48751188821616]","[0, -6.43675322253854, 26.02193103033802, 0.3013489373808942, 26.02193103033802]"
"['Random Search', 'Simple Local Search', '2-opt Local Search', 'Local Search with No Improvement Limit', 'Local Search with 2-opt and No Improvement Limit']","[73.30769890378033, 61.20165393742211, 53.66924308087551, 63.893367727703534, 53.66924308087551]","[0, 16.51401578195485, 26.789076886291554, 12.842213460326363, 26.789076886291554]"
"['Random Search', 'Simple Local Search', '2-opt Local Search', 'Local Search with No Improvement Limit', 'Local Search with 2-opt and No Improvement Limit']","[71.3294758213395, 70.52027172066434, 50.48751188821616, 76.27866306885116, 50.48751188821616]","[0, 1.134459620454791, 29.2192865475791, -6.938488178306534, 29.2192865475791]"
"['Random Search', 'Simple Local Search', '2-opt Local Search', 'Local Search with No Improvement Limit', 'Local Search with 2-opt and No Improvement Limit']","[69.44566096549961, 73.40708966086302, 50.48751188821616, 71.29918753126864, 50.48751188821616]","[0, -5.704357392942713, 27.299256445556473, -2.6690314988719837, 27.299256445556473]"
"['Random Search', 'Simple Local Search', '2-opt Local Search', 'Local Search with No Improvement Limit', 'Local Search with 2-opt and No Improvement Limit']","[76.91538919286434, 78.8561700940582, 50.83019887888237, 72.1791159847613, 50.83019887888237]","[0, -2.523267348134166, 33.914136803720375, 6.157770581160162, 33.914136803720375]"
"['Random Search', 'Simple Local Search', '2-opt Local Search', 'Local Search with No Improvement Limit', 'Local Search with 2-opt and No Improvement Limit']","[73.32889426762463, 70.8162738870777, 50.48751188821616, 58.79283189921389, 50.48751188821616]","[0, 3.426507934753189, 31.14922515542846, 19.82310317589031, 31.14922515542846]"
"['Random Search', 'Simple Local Search', '2-opt Local Search', 'Local Search with No Improvement Limit', 'Local Search with 2-opt and No Improvement Limit']","[81.89864364107063, 70.52027172066434, 53.275528064049894, 69.61759091010191, 53.275528064049894]","[0, 13.893236095915334, 34.94943787160204, 14.995428721373848, 34.94943787160204]"
"['Random Search', 'Simple Local Search', '2-opt Local Search', 'Local Search with No Improvement Limit', 'Local Search with 2-opt and No Improvement Limit']","[74.29294908005483, 70.8162738870777, 56.45725925670924, 61.1637242978168, 56.45725925670924]","[0, 4.679683921593707, 24.007244353870817, 17.672235312789304, 24.007244353870817]"
"['Random Search', 'Simple Local Search', '2-opt Local Search', 'Local Search with No Improvement Limit', 'Local Search with 2-opt and No Improvement Limit']","[72.97441972037971, 59.29638174474301, 50.48751188821616, 71.29918753126864, 50.48751188821616]","[0, 18.743606359663605, 30.81478128682343, 2.2956430424937326, 30.81478128682343]"
"['Random Search', 'Simple Local Search', '2-opt Local Search', 'Local Search with No Improvement Limit', 'Local Search with 2-opt and No Improvement Limit']","[72.50019399624522, 61.20165393742211, 58.74394985557045, 69.51239943312166, 58.74394985557045]","[0, 15.584151484350867, 18.974079078170746, 4.121084921894547, 18.974079078170746]"
"['Random Search', 'Simple Local Search', '2-opt Local Search', 'Local Search with No Improvement Limit', 'Local Search with 2-opt and No Improvement Limit']","[77.36763423642986, 68.04093295307997, 62.626780337098694, 76.90618022563996, 62.626780337098694]","[0, 12.055042622665919, 19.05299812358769, 0.5964432224717349, 19.05299812358769]"
"['Random Search', 'Simple Local Search', '2-opt Local Search', 'Local Search with No Improvement Limit', 'Local Search with 2-opt and No Improvement Limit']","[73.8935041520938, 68.04093295307997, 50.83019887888237, 69.51239943312166, 50.83019887888237]","[0, 7.920278333217993, 31.211546316359012, 5.928944322297373, 31.211546316359012]"
"['Random Search', 'Simple Local Search', '2-opt Local Search', 'Local Search with No Improvement Limit', 'Local Search with 2-opt and No Improvement Limit']","[78.23464486597337, 53.41277441777646, 50.48751188821616, 58.66083627505253, 50.48751188821616]","[0, 31.72746612542328, 35.466554523628034, 25.01936146633431, 35.466554523628034]"
"['Random Search', 'Simple Local Search', '2-opt Local Search', 'Local Search with No Improvement Limit', 'Local Search with 2-opt and No Improvement Limit']","[78.73522908599814, 72.63945813278502, 55.76990797226263, 58.79283189921389, 55.76990797226263]","[0, 7.742113694182619, 29.16778344373871, 25.328429749029212, 29.16778344373871]"
"['Random Search', 'Simple Local Search', '2-opt Local Search', 'Local Search with No Improvement Limit', 'Local Search with 2-opt and No Improvement Limit']","[82.01024484083187, 61.20165393742211, 58.235782091975345, 72.1791159847613, 58.235782091975345]","[0, 25.37316032136686, 28.989625375462264, 11.987683825540515, 28.989625375462264]"
"['Random Search', 'Simple Local Search', '2-opt Local Search', 'Local Search with No Improvement Limit', 'Local Search with 2-opt and No Improvement Limit']","[78.71376921252032, 71.24580638312062, 50.48751188821616, 71.90457442941687, 50.48751188821616]","[0, 9.48749234614448, 35.85936438654807, 8.650576450886525, 35.85936438654807]"
"['Random Search', 'Simple Local Search', '2-opt Local Search', 'Local Search with No Improvement Limit', 'Local Search with 2-opt and No Improvement Limit']","[81.0012206794553, 70.52027172066434, 50.48751188821616, 58.66083627505253, 50.48751188821616]","[0, 12.939248163020945, 37.67067771977227, 27.580305848488358, 37.67067771977227]"
"['Random Search', 'Simple Local Search', '2-opt Local Search', 'Local Search with No Improvement Limit', 'Local Search with 2-opt and No Improvement Limit']","[79.08545464434508, 61.20165393742211, 62.50169750926052, 72.1791159847613, 62.50169750926052]","[0, 22.613261550241, 20.96941493181435, 8.732754576226757, 20.96941493181435]"
"['Random Search', 'Simple Local Search', '2-opt Local Search', 'Local Search with No Improvement Limit', 'Local Search with 2-opt and No Improvement Limit']","[77.01450758004144, 60.570237252760414, 50.48751188821616, 76.27866306885116, 50.48751188821616]","[0, 21.35217226467421, 34.44415412804617, 0.9554622035666642, 34.44415412804617]"
"['Random Search', 'Simple Local Search', '2-opt Local Search', 'Local Search with No Improvement Limit', 'Local Search with 2-opt and No Improvement Limit']","[79.35313333249161, 78.8561700940582, 50.83019887888237, 71.29918753126864, 50.83019887888237]","[0, 0.6262679462840122, 35.944307749131255, 10.14949941230012, 35.944307749131255]"
"['Random Search', 'Simple Local Search', '2-opt Local Search', 'Local Search with No Improvement Limit', 'Local Search with 2-opt and No Improvement Limit']","[76.36836111224473, 70.8162738870777, 58.03666559815344, 53.75546140844267, 58.03666559815344]","[0, 7.2701405978932545, 24.004306557198102, 29.610298524759564, 24.004306557198102]"
"['Random Search', 'Simple Local Search', '2-opt Local Search', 'Local Search with No Improvement Limit', 'Local Search with 2-opt and No Improvement Limit']","[76.3497224411982, 71.12597487964032, 61.4408136256165, 68.04093295307997, 61.4408136256165]","[0, 6.841868437152492, 19.527129030578994, 10.8825405285754, 19.527129030578994]"
"['Random Search', 'Simple Local Search', '2-opt Local Search', 'Local Search with No Improvement Limit', 'Local Search with 2-opt and No Improvement Limit']","[82.07968847299207, 59.29638174474301, 50.83019887888237, 63.893367727703534, 50.83019887888237]","[0, 27.757545322245956, 38.07213474548237, 22.156907614571004, 38.07213474548237]"
"['Random Search', 'Simple Local Search', '2-opt Local Search', 'Local Search with No Improvement Limit', 'Local Search with 2-opt and No Improvement Limit']","[77.21733285183387, 60.44699742278016, 61.77065107660473, 58.66083627505253, 61.77065107660473]","[0, 21.718356241639377, 20.004163838277787, 24.031517136687317, 20.004163838277787]"
"['Random Search', 'Simple Local Search', '2-opt Local Search', 'Local Search with No Improvement Limit', 'Local Search with 2-opt and No Improvement Limit']","[76.63003333571244, 60.570237252760414, 57.61872636739139, 53.41277441777646, 57.61872636739139]","[0, 20.957574183212007, 24.80921140283659, 30.2978583034439, 24.80921140283659]"
"['Random Search', 'Simple Local Search', '2-opt Local Search', 'Local Search with No Improvement Limit', 'Local Search with 2-opt and No Improvement Limit']","[74.65393856563828, 53.41277441777646, 50.48751188821616, 58.79283189921389, 50.48751188821616]","[0, 28.452837929221737, 32.3712682033168, 21.24617531395048, 32.3712682033168]"
"['Random Search', 'Simple Local Search', '2-opt Local Search', 'Local Search with No Improvement Limit', 'Local Search with 2-opt and No Improvement Limit']","[75.23862626091363, 71.12597487964032, 53.75546140844267, 53.75546140844267, 53.75546140844267]","[0, 5.4661436361309885, 28.553372011300848, 28.553372011300848, 28.553372011300848]"
"['Random Search', 'Simple Local Search', '2-opt Local Search', 'Local Search with No Improvement Limit', 'Local Search with 2-opt and No Improvement Limit']","[71.33495846539053, 59.29638174474301, 50.48751188821616, 69.51239943312166, 50.48751188821616]","[0, 16.87612494579114, 29.224726593608224, 2.55493109055796, 29.224726593608224]"
"['Random Search', 'Simple Local Search', '2-opt Local Search', 'Local Search with No Improvement Limit', 'Local Search with 2-opt and No Improvement Limit']","[76.68605754645688, 72.63945813278502, 53.75546140844267, 70.40645838216125, 53.75546140844267]","[0, 5.276838506426546, 29.901910297217604, 8.188710393009071, 29.901910297217604]"
"['Random Search', 'Simple Local Search', '2-opt Local Search', 'Local Search with No Improvement Limit', 'Local Search with 2-opt and No Improvement Limit']","[79.81257687217271, 71.12597487964032, 50.48751188821616, 76.90618022563996, 50.48751188821616]","[0, 10.883750823438255, 36.74241094974715, 3.641527138244917, 36.74241094974715]"
"['Random Search', 'Simple Local Search', '2-opt Local Search', 'Local Search with No Improvement Limit', 'Local Search with 2-opt and No Improvement Limit']","[67.72742364382559, 71.12597487964032, 55.73557374549223, 71.90457442941687, 55.73557374549223]","[0, -5.0179839317194626, 17.70604764385807, -6.167591443546802, 17.70604764385807]"
"['Random Search', 'Simple Local Search', '2-opt Local Search', 'Local Search with No Improvement Limit', 'Local Search with 2-opt and No Improvement Limit']","[74.64257394985499, 70.8162738870777, 50.48751188821616, 76.27866306885116, 50.48751188821616]","[0, 5.126163073298903, 32.360971471678134, -2.191898044801208, 32.360971471678134]"
"['Random Search', 'Simple Local Search', '2-opt Local Search', 'Local Search with No Improvement Limit', 'Local Search with 2-opt and No Improvement Limit']","[76.64680233544512, 78.8561700940582, 50.48751188821616, 68.04093295307997, 50.48751188821616]","[0, -2.8825308966495102, 34.12965661991049, 11.227956183614172, 34.12965661991049]"
"['Random Search', 'Simple Local Search', '2-opt Local Search', 'Local Search with No Improvement Limit', 'Local Search with 2-opt and No Improvement Limit']","[79.44815999224087, 60.44699742278016, 60.34804621582953, 63.893367727703534, 60.34804621582953]","[0, 23.91642873959123, 24.040976881373613, 19.578543123033263, 24.040976881373613]"
"['Random Search', 'Simple Local Search', '2-opt Local Search', 'Local Search with No Improvement Limit', 'Local Search with 2-opt and No Improvement Limit']","[73.22198873308636, 71.24580638312062, 60.09768702897815, 68.04093295307997, 60.09768702897815]","[0, 2.6988919369145385, 17.923989680135275, 7.075819531333294, 17.923989680135275]"
"['Random Search', 'Simple Local Search', '2-opt Local Search', 'Local Search with No Improvement Limit', 'Local Search with 2-opt and No Improvement Limit']","[82.19092563427341, 60.44699742278016, 58.03666559815344, 63.893367727703534, 58.03666559815344]","[0, 26.455387919887464, 29.387988819592643, 22.2622604203156, 29.387988819592643]"
"['Random Search', 'Simple Local Search', '2-opt Local Search', 'Local Search with No Improvement Limit', 'Local Search with 2-opt and No Improvement Limit']","[78.08252422878834, 60.570237252760414, 56.19805504662752, 71.29918753126864, 56.19805504662752]","[0, 22.42792116289102, 28.02735874424025, 8.687394221073022, 28.02735874424025]"
"['Random Search', 'Simple Local Search', '2-opt Local Search', 'Local Search with No Improvement Limit', 'Local Search with 2-opt and No Improvement Limit']","[78.88901724528496, 78.8561700940582, 60.73863312271994, 53.41277441777646, 60.73863312271994]","[0, 0.041637166203543234, 23.007491735042287, 32.29377639259559, 23.007491735042287]"
"['Random Search', 'Simple Local Search', '2-opt Local Search', 'Local Search with No Improvement Limit', 'Local Search with 2-opt and No Improvement Limit']","[75.35829458920406, 53.75546140844267, 53.75272586146, 53.75546140844267, 53.75272586146]","[0, 28.666828646433096, 28.670458700692663, 28.666828646433096, 28.670458700692663]"
"['Random Search', 'Simple Local Search', '2-opt Local Search', 'Local Search with No Improvement Limit', 'Local Search with 2-opt and No Improvement Limit']","[74.59078665742953, 53.75546140844267, 50.48751188821616, 71.90457442941687, 50.48751188821616]","[0, 27.932840210784377, 32.31401068326525, 3.6012654489750004, 32.31401068326525]"
"['Random Search', 'Simple Local Search', '2-opt Local Search', 'Local Search with No Improvement Limit', 'Local Search with 2-opt and No Improvement Limit']","[82.0775596746505, 53.41277441777646, 50.48751188821616, 53.41277441777646, 50.48751188821616]","[0, 34.92402231559902, 38.48804461494104, 34.92402231559902, 38.48804461494104]"
"['Random Search', 'Simple Local Search', '2-opt Local Search', 'Local Search with No Improvement Limit', 'Local Search with 2-opt and No Improvement Limit']","[76.84113911937438, 60.570237252760414, 58.145575243557744, 58.66083627505253, 58.145575243557744]","[0, 21.174727565317276, 24.330149305533677, 23.659595696620723, 24.330149305533677]"
"['Random Search', 'Simple Local Search', '2-opt Local Search', 'Local Search with No Improvement Limit', 'Local Search with 2-opt and No Improvement Limit']","[74.37331424745113, 78.22865293726939, 58.03666559815344, 69.61759091010191, 58.03666559815344]","[0, -5.18376615164811, 21.965739747650915, 6.394394798013467, 21.965739747650915]"
"['Random Search', 'Simple Local Search', '2-opt Local Search', 'Local Search with No Improvement Limit', 'Local Search with 2-opt and No Improvement Limit']","[81.34743678860318, 53.75546140844267, 58.14082475485021, 61.1637242978168, 58.14082475485021]","[0, 33.91867828836883, 28.527772908272176, 24.81173751452993, 28.527772908272176]"
"['Random Search', 'Simple Local Search', '2-opt Local Search', 'Local Search with No Improvement Limit', 'Local Search with 2-opt and No Improvement Limit']","[77.31125793998432, 78.8561700940582, 55.73557374549223, 76.27866306885116, 55.73557374549223]","[0, -1.998301664258495, 27.9075580573802, 1.3356332552947796, 27.9075580573802]"
"['Random Search', 'Simple Local Search', '2-opt Local Search', 'Local Search with No Improvement Limit', 'Local Search with 2-opt and No Improvement Limit']","[79.56776266980656, 70.8162738870777, 50.83019887888237, 53.41277441777646, 50.83019887888237]","[0, 10.998787057826585, 36.11709419326073, 32.8713380575612, 36.11709419326073]"
"['Random Search', 'Simple Local Search', '2-opt Local Search', 'Local Search with No Improvement Limit', 'Local Search with 2-opt and No Improvement Limit']","[80.07505158168303, 72.63945813278502, 59.917599368221616, 68.04093295307997, 59.917599368221616]","[0, 9.285780404790744, 25.173199161662957, 15.028549330782859, 25.173199161662957]"
"['Random Search', 'Simple Local Search', '2-opt Local Search', 'Local Search with No Improvement Limit', 'Local Search with 2-opt and No Improvement Limit']","[77.27217749018749, 71.90457442941687, 50.83019887888237, 69.51239943312166, 50.83019887888237]","[0, 6.946359265535428, 34.21927460846162, 10.042137169036316, 34.21927460846162]"
"['Random Search', 'Simple Local Search', '2-opt Local Search', 'Local Search with No Improvement Limit', 'Local Search with 2-opt and No Improvement Limit']","[79.77294265427362, 72.63945813278502, 59.70943246849412, 71.90457442941687, 59.70943246849412]","[0, 8.942235655520776, 25.150771073761625, 9.863454904700355, 25.150771073761625]"
"['Random Search', 'Simple Local Search', '2-opt Local Search', 'Local Search with No Improvement Limit', 'Local Search with 2-opt and No Improvement Limit']","[75.94078640253555, 78.22865293726939, 53.41277441777646, 71.29918753126864, 53.41277441777646]","[0, -3.0126979757710917, 29.665233996058426, 6.112129056266833, 29.665233996058426]"
"['Random Search', 'Simple Local Search', '2-opt Local Search', 'Local Search with No Improvement Limit', 'Local Search with 2-opt and No Improvement Limit']","[82.63510105037234, 60.570237252760414, 50.83019887888237, 58.79283189921389, 50.83019887888237]","[0, 26.701563278977204, 38.48836846233476, 28.85247170766426, 38.48836846233476]"
"['Random Search', 'Simple Local Search', '2-opt Local Search', 'Local Search with No Improvement Limit', 'Local Search with 2-opt and No Improvement Limit']","[72.03513147426273, 71.24580638312062, 55.73557374549223, 72.1791159847613, 55.73557374549223]","[0, 1.0957501915910568, 22.627233955412613, -0.19988095746033754, 22.627233955412613]"
"['Random Search', 'Simple Local Search', '2-opt Local Search', 'Local Search with No Improvement Limit', 'Local Search with 2-opt and No Improvement Limit']","[81.06072241194025, 78.8561700940582, 55.76990797226263, 69.61759091010191, 55.76990797226263]","[0, 2.7196307314889125, 31.19983845092439, 14.116740094772167, 31.19983845092439]"
"['Random Search', 'Simple Local Search', '2-opt Local Search', 'Local Search with No Improvement Limit', 'Local Search with 2-opt and No Improvement Limit']","[73.82043500119129, 59.29638174474301, 50.48751188821616, 53.75546140844267, 50.48751188821616]","[0, 19.674841060221187, 31.6076749108815, 27.180784822556, 31.6076749108815]"
"['Random Search', 'Simple Local Search', '2-opt Local Search', 'Local Search with No Improvement Limit', 'Local Search with 2-opt and No Improvement Limit']","[79.88098939386992, 71.12597487964032, 59.709432468494114, 53.41277441777646, 59.709432468494114]","[0, 10.960072703983634, 25.252011872206204, 33.134560772133646, 25.252011872206204]"
"['Random Search', 'Simple Local Search', '2-opt Local Search', 'Local Search with No Improvement Limit', 'Local Search with 2-opt and No Improvement Limit']","[74.19922741991891, 60.44699742278016, 59.74185645388507, 76.90618022563996, 59.74185645388507]","[0, 18.534195672025213, 19.48453032295689, -3.648222360054329, 19.48453032295689]"
"['Random Search', 'Simple Local Search', '2-opt Local Search', 'Local Search with No Improvement Limit', 'Local Search with 2-opt and No Improvement Limit']","[78.80191721912736, 70.52027172066434, 58.038175384571936, 69.51239943312166, 58.038175384571936]","[0, 10.509446712361004, 26.349285102819174, 11.78844133978873, 26.349285102819174]"
"['Random Search', 'Simple Local Search', '2-opt Local Search', 'Local Search with No Improvement Limit', 'Local Search with 2-opt and No Improvement Limit']","[78.0154180456433, 78.22865293726939, 50.83019887888237, 72.1791159847613, 50.83019887888237]","[0, -0.2733240389756452, 34.84595718099733, 7.480959798827776, 34.84595718099733]"
"['Random Search', 'Simple Local Search', '2-opt Local Search', 'Local Search with No Improvement Limit', 'Local Search with 2-opt and No Improvement Limit']","[76.62145322052274, 53.41277441777646, 53.74551930542939, 76.90618022563996, 53.74551930542939]","[0, 30.290053016809566, 29.85578183861191, -0.3716021990574252, 29.85578183861191]"
"['Random Search', 'Simple Local Search', '2-opt Local Search', 'Local Search with No Improvement Limit', 'Local Search with 2-opt and No Improvement Limit']","[92.49855046702854, 77.12688501241215, 74.00133609916728, 83.64705847849896, 74.00133609916728]","[0, 16.61827712651095, 19.997301876049033, 9.569330485546065, 19.997301876049033]"
"['Random Search', 'Simple Local Search', '2-opt Local Search', 'Local Search with No Improvement Limit', 'Local Search with 2-opt and No Improvement Limit']","[90.6286102095403, 91.0002058025895, 75.56241044729373, 74.00133609916728, 75.56241044729373]","[0, -0.4100201825781612, 16.624109900187545, 18.34660607939313, 16.624109900187545]"
"['Random Search', 'Simple Local Search', '2-opt Local Search', 'Local Search with No Improvement Limit', 'Local Search with 2-opt and No Improvement Limit']","[89.52754785479655, 79.5263892884453, 74.46016826895726, 83.64705847849896, 74.46016826895726]","[0, 11.17104042944635, 16.829880798563654, 6.568357468960359, 16.829880798563654]"
"['Random Search', 'Simple Local Search', '2-opt Local Search', 'Local Search with No Improvement Limit', 'Local Search with 2-opt and No Improvement Limit']","[92.60588017973514, 76.41015813737549, 74.87007475836809, 101.96905232242227, 74.87007475836809]","[0, 17.48887004899257, 19.151921440565452, -10.110774957826132, 19.151921440565452]"
"['Random Search', 'Simple Local Search', '2-opt Local Search', 'Local Search with No Improvement Limit', 'Local Search with 2-opt and No Improvement Limit']","[94.9982653873997, 85.30906183691991, 74.10873595815309, 92.55209991470257, 74.10873595815309]","[0, 10.199347862792594, 21.989379852421322, 2.5749580402565795, 21.989379852421322]"
"['Random Search', 'Simple Local Search', '2-opt Local Search', 'Local Search with No Improvement Limit', 'Local Search with 2-opt and No Improvement Limit']","[88.9967082933186, 76.41015813737549, 74.82696604613437, 87.08042000506816, 74.82696604613437]","[0, 14.142714261363357, 15.92164757429351, 2.153212545720982, 15.92164757429351]"
"['Random Search', 'Simple Local Search', '2-opt Local Search', 'Local Search with No Improvement Limit', 'Local Search with 2-opt and No Improvement Limit']","[94.36146998589659, 88.58880397460658, 74.87400780580995, 89.76802615203741, 74.87400780580995]","[0, 6.117609244697868, 20.65192729935138, 4.867923141241575, 20.65192729935138]"
"['Random Search', 'Simple Local Search', '2-opt Local Search', 'Local Search with No Improvement Limit', 'Local Search with 2-opt and No Improvement Limit']","[94.83522854719256, 103.91904219084049, 75.16543127406942, 92.84305800945735, 75.16543127406942]","[0, -9.578522436024477, 20.741023746607958, 2.1006650885476046, 20.741023746607958]"
"['Random Search', 'Simple Local Search', '2-opt Local Search', 'Local Search with No Improvement Limit', 'Local Search with 2-opt and No Improvement Limit']","[95.46838969926849, 76.4101581373755, 75.75947036795914, 73.99982631274878, 75.75947036795914]","[0, 19.96287108426949, 20.644445133508274, 22.487614438817968, 20.644445133508274]"
"['Random Search', 'Simple Local Search', '2-opt Local Search', 'Local Search with No Improvement Limit', 'Local Search with 2-opt and No Improvement Limit']","[93.58150020474093, 85.30906183691991, 74.00133609916728, 102.62703752083914, 74.00133609916728]","[0, 8.839822347068907, 20.92311414407279, -9.665946043083363, 20.92311414407279]"
"['Random Search', 'Simple Local Search', '2-opt Local Search', 'Local Search with No Improvement Limit', 'Local Search with 2-opt and No Improvement Limit']","[94.70078881568094, 92.33468211391036, 74.00133609916728, 83.64705847849896, 74.00133609916728]","[0, 2.4985079125114815, 21.857740548287982, 11.67226849471781, 21.857740548287982]"
"['Random Search', 'Simple Local Search', '2-opt Local Search', 'Local Search with No Improvement Limit', 'Local Search with 2-opt and No Improvement Limit']","[89.49036308992483, 90.78471628106529, 75.03192628471831, 89.76802615203741, 75.03192628471831]","[0, -1.4463604196575022, 16.156417636475435, -0.31027146669811734, 16.156417636475435]"
"['Random Search', 'Simple Local Search', '2-opt Local Search', 'Local Search with No Improvement Limit', 'Local Search with 2-opt and No Improvement Limit']","[98.05238712552091, 91.8759282816318, 74.09645065696662, 89.76802615203741, 74.09645065696662]","[0, 6.299141739387097, 24.43177282148909, 8.448913092629095, 24.43177282148909]"
"['Random Search', 'Simple Local Search', '2-opt Local Search', 'Local Search with No Improvement Limit', 'Local Search with 2-opt and No Improvement Limit']","[92.25965173419432, 104.57702738925735, 73.99982631274878, 89.76802615203741, 73.99982631274878]","[0, -13.350771895985627, 19.791777963841888, 2.7006665810265997, 19.791777963841888]"
"['Random Search', 'Simple Local Search', '2-opt Local Search', 'Local Search with No Improvement Limit', 'Local Search with 2-opt and No Improvement Limit']","[88.58124846556794, 76.4101581373755, 75.18196289560494, 82.8495197633884, 75.18196289560494]","[0, 13.740030242318621, 15.126548566507708, 6.470589206481432, 15.126548566507708]"
"['Random Search', 'Simple Local Search', '2-opt Local Search', 'Local Search with No Improvement Limit', 'Local Search with 2-opt and No Improvement Limit']","[85.77216282255083, 91.0002058025895, 74.30785245197498, 92.33468211391036, 74.30785245197498]","[0, -6.095267751210474, 13.36600359990188, -7.651106227712084, 13.36600359990188]"
"['Random Search', 'Simple Local Search', '2-opt Local Search', 'Local Search with No Improvement Limit', 'Local Search with 2-opt and No Improvement Limit']","[85.7727398854647, 104.57702738925735, 74.00133609916728, 84.26972339203508, 74.00133609916728]","[0, -21.92338443298263, 13.723945162549533, 1.7523242179702507, 13.723945162549533]"
"['Random Search', 'Simple Local Search', '2-opt Local Search', 'Local Search with No Improvement Limit', 'Local Search with 2-opt and No Improvement Limit']","[85.0879989970232, 76.41015813737549, 75.06919125219, 92.84305800945735, 75.06919125219]","[0, 10.198666042142218, 11.774642561736254, -9.114163106251278, 11.774642561736254]"
"['Random Search', 'Simple Local Search', '2-opt Local Search', 'Local Search with No Improvement Limit', 'Local Search with 2-opt and No Improvement Limit']","[82.24039592604028, 76.41015813737549, 74.19894280657068, 74.00133609916728, 74.19894280657068]","[0, 7.089262792348408, 9.777984442951082, 10.018263815610133, 9.777984442951082]"
"['Random Search', 'Simple Local Search', '2-opt Local Search', 'Local Search with No Improvement Limit', 'Local Search with 2-opt and No Improvement Limit']","[84.04850126589714, 76.41015813737549, 74.19894280657067, 101.96905232242227, 74.19894280657067]","[0, 9.088018243605408, 11.718898387213661, -21.321678300760407, 11.718898387213661]"
"['Random Search', 'Simple Local Search', '2-opt Local Search', 'Local Search with No Improvement Limit', 'Local Search with 2-opt and No Improvement Limit']","[82.77168334482565, 76.41015813737549, 73.99982631274878, 92.55209991470257, 73.99982631274878]","[0, 7.685629855983639, 10.597654508889756, -11.816138291076966, 10.597654508889756]"
"['Random Search', 'Simple Local Search', '2-opt Local Search', 'Local Search with No Improvement Limit', 'Local Search with 2-opt and No Improvement Limit']","[83.05456567899208, 76.41015813737549, 74.307852451975, 92.33468211391036, 74.307852451975]","[0, 8.00005091507839, 10.531285252665509, -11.173517505089558, 10.531285252665509]"
"['Random Search', 'Simple Local Search', '2-opt Local Search', 'Local Search with No Improvement Limit', 'Local Search with 2-opt and No Improvement Limit']","[87.27670200855943, 76.41015813737549, 74.19894280657068, 75.51802799725817, 74.19894280657068]","[0, 12.450681133801583, 14.984249978540864, 13.4728670317401, 14.984249978540864]"
"['Random Search', 'Simple Local Search', '2-opt Local Search', 'Local Search with No Improvement Limit', 'Local Search with 2-opt and No Improvement Limit']","[87.28083810432685, 76.41015813737549, 74.10873595815309, 75.51802799725817, 74.10873595815309]","[0, 12.454829952431972, 15.091631144088161, 13.476967410657284, 15.091631144088161]"
"['Random Search', 'Simple Local Search', '2-opt Local Search', 'Local Search with No Improvement Limit', 'Local Search with 2-opt and No Improvement Limit']","[82.93093015176844, 76.41015813737549, 74.87007475836809, 75.51802799725817, 74.87007475836809]","[0, 7.862895065157901, 9.719962598572703, 8.938645859806734, 9.719962598572703]"
"['Random Search', 'Simple Local Search', '2-opt Local Search', 'Local Search with No Improvement Limit', 'Local Search with 2-opt and No Improvement Limit']","[86.81032186607385, 76.41015813737549, 74.46016826895726, 75.51802799725817, 74.46016826895726]","[0, 11.980330800688835, 14.226595791419506, 13.008008294493829, 14.226595791419506]"
"['Random Search', 'Simple Local Search', '2-opt Local Search', 'Local Search with No Improvement Limit', 'Local Search with 2-opt and No Improvement Limit']","[89.1961587029955, 76.41015813737549, 75.10357827750374, 75.51802799725817, 75.10357827750374]","[0, 14.33469865915943, 15.79953736843881, 15.334887628157437, 15.79953736843881]"
"['Random Search', 'Simple Local Search', '2-opt Local Search', 'Local Search with No Improvement Limit', 'Local Search with 2-opt and No Improvement Limit']","[84.01244040045336, 76.41015813737549, 73.99982631274878, 75.51802799725817, 73.99982631274878]","[0, 9.048995871136297, 11.91801361795764, 10.110898293997595, 11.91801361795764]"
"['Random Search', 'Simple Local Search', '2-opt Local Search', 'Local Search with No Improvement Limit', 'Local Search with 2-opt and No Improvement Limit']","[78.34194682214853, 76.41015813737549, 74.59385319736273, 75.51802799725817, 74.59385319736273]","[0, 2.4658420720110206, 4.784274295984369, 3.6046063947085734, 4.784274295984369]"
"['Random Search', 'Simple Local Search', '2-opt Local Search', 'Local Search with No Improvement Limit', 'Local Search with 2-opt and No Improvement Limit']","[89.02005331895874, 76.41015813737549, 75.1654312740694, 75.51802799725817, 75.1654312740694]","[0, 14.165229868378102, 15.563484325546565, 15.16739747764791, 15.563484325546565]"
"['Random Search', 'Simple Local Search', '2-opt Local Search', 'Local Search with No Improvement Limit', 'Local Search with 2-opt and No Improvement Limit']","[89.24596139988083, 76.41015813737549, 74.19894280657067, 75.51802799725817, 74.19894280657067]","[0, 14.382503209296457, 16.86016751602863, 15.382134034180492, 16.86016751602863]"
"['Random Search', 'Simple Local Search', '2-opt Local Search', 'Local Search with No Improvement Limit', 'Local Search with 2-opt and No Improvement Limit']","[90.0192821196939, 76.41015813737549, 75.38909497373665, 77.12688501241215, 75.38909497373665]","[0, 15.118009899504722, 16.252281512869946, 14.3218172859226, 16.252281512869946]"
"['Random Search', 'Simple Local Search', '2-opt Local Search', 'Local Search with No Improvement Limit', 'Local Search with 2-opt and No Improvement Limit']","[87.37955953904543, 75.29951626991665, 74.307852451975, 83.7188617592787, 74.307852451975]","[0, 13.824793044110997, 14.959685258231776, 4.189421186234016, 14.959685258231776]"
"['Random Search', 'Simple Local Search', '2-opt Local Search', 'Local Search with No Improvement Limit', 'Local Search with 2-opt and No Improvement Limit']","[87.07404516030287, 75.29951626991665, 75.08986022351147, 95.36624120559762, 75.08986022351147]","[0, 13.522432394991382, 13.763211430832904, -9.523154724268126, 13.763211430832904]"
"['Random Search', 'Simple Local Search', '2-opt Local Search', 'Local Search with No Improvement Limit', 'Local Search with 2-opt and No Improvement Limit']","[88.72912546793285, 75.29951626991665, 74.10873595815309, 85.19184373428742, 74.10873595815309]","[0, 15.135513989563352, 16.47755394035033, 3.9866072329584954, 16.47755394035033]"
"['Random Search', 'Simple Local Search', '2-opt Local Search', 'Local Search with No Improvement Limit', 'Local Search with 2-opt and No Improvement Limit']","[86.83723574635268, 75.29951626991665, 74.46016826895726, 77.2848034913205, 74.46016826895726]","[0, 13.286603813756969, 14.25317995329587, 11.000387302670896, 14.25317995329587]"
"['Random Search', 'Simple Local Search', '2-opt Local Search', 'Local Search with No Improvement Limit', 'Local Search with 2-opt and No Improvement Limit']","[88.24677436231066, 75.29951626991665, 74.10873595815309, 84.26972339203508, 74.10873595815309]","[0, 14.671650251188847, 16.021025704703593, 4.506738063815446, 16.021025704703593]"
"['Random Search', 'Simple Local Search', '2-opt Local Search', 'Local Search with No Improvement Limit', 'Local Search with 2-opt and No Improvement Limit']","[90.10988588570221, 75.29951626991665, 74.00133609916728, 77.12688501241215, 74.00133609916728]","[0, 16.435898758734897, 17.876562186492446, 14.407965059192342, 17.876562186492446]"
"['Random Search', 'Simple Local Search', '2-opt Local Search', 'Local Search with No Improvement Limit', 'Local Search with 2-opt and No Improvement Limit']","[83.2672071944587, 75.29951626991665, 74.29556715078853, 84.43362518362554, 74.29556715078853]","[0, 9.568822100559524, 10.774517779512156, -1.400813151380024, 10.774517779512156]"
"['Random Search', 'Simple Local Search', '2-opt Local Search', 'Local Search with No Improvement Limit', 'Local Search with 2-opt and No Improvement Limit']","[88.86460551529544, 75.29951626991665, 74.8700747583681, 75.51802799725817, 74.8700747583681]","[0, 15.26489558662808, 15.748149306214593, 15.019002718399557, 15.748149306214593]"
"['Random Search', 'Simple Local Search', '2-opt Local Search', 'Local Search with No Improvement Limit', 'Local Search with 2-opt and No Improvement Limit']","[86.06731170133091, 75.29951626991665, 75.18196289560494, 77.12688501241215, 75.18196289560494]","[0, 12.510900153103943, 12.647483220458996, 10.387714583143547, 12.647483220458996]"
"['Random Search', 'Simple Local Search', '2-opt Local Search', 'Local Search with No Improvement Limit', 'Local Search with 2-opt and No Improvement Limit']","[86.66246099301868, 75.29951626991665, 74.19894280657067, 75.51802799725817, 74.19894280657067]","[0, 13.111726337909332, 14.381680422682717, 12.859585186091449, 14.381680422682717]"
"['Random Search', 'Simple Local Search', '2-opt Local Search', 'Local Search with No Improvement Limit', 'Local Search with 2-opt and No Improvement Limit']","[90.1193082909492, 75.29951626991665, 74.307852451975, 75.51802799725817, 74.307852451975]","[0, 16.444635785693137, 17.545025742904173, 16.202166406505206, 17.545025742904173]"
"['Random Search', 'Simple Local Search', '2-opt Local Search', 'Local Search with No Improvement Limit', 'Local Search with 2-opt and No Improvement Limit']","[85.56140256847324, 75.29951626991665, 73.99982631274878, 75.51802799725817, 73.99982631274878]","[0, 11.993592894113894, 13.512607213833295, 11.738207029948507, 13.512607213833295]"
"['Random Search', 'Simple Local Search', '2-opt Local Search', 'Local Search with No Improvement Limit', 'Local Search with 2-opt and No Improvement Limit']","[88.3756523166489, 75.29951626991665, 74.10873595815309, 75.51802799725817, 74.10873595815309]","[0, 14.796084333138054, 16.143491996390154, 14.548831021152761, 16.143491996390154]"
"['Random Search', 'Simple Local Search', '2-opt Local Search', 'Local Search with No Improvement Limit', 'Local Search with 2-opt and No Improvement Limit']","[90.68034881235467, 75.29951626991665, 75.08986022351147, 75.51802799725817, 75.08986022351147]","[0, 16.961593932843876, 17.19279732933613, 16.720624714922486, 17.19279732933613]"
"['Random Search', 'Simple Local Search', '2-opt Local Search', 'Local Search with No Improvement Limit', 'Local Search with 2-opt and No Improvement Limit']","[85.82866947933621, 75.29951626991665, 74.96631478024752, 75.51802799725817, 74.96631478024752]","[0, 12.26764118946819, 12.655858193984793, 12.01305058627338, 12.655858193984793]"
"['Random Search', 'Simple Local Search', '2-opt Local Search', 'Local Search with No Improvement Limit', 'Local Search with 2-opt and No Improvement Limit']","[88.64467397813813, 75.29951626991665, 74.82696604613437, 75.51802799725817, 74.82696604613437]","[0, 15.054663872431535, 15.587747477543354, 14.808160932621059, 15.587747477543354]"
"['Random Search', 'Simple Local Search', '2-opt Local Search', 'Local Search with No Improvement Limit', 'Local Search with 2-opt and No Improvement Limit']","[85.66839157804974, 75.29951626991665, 74.307852451975, 75.51802799725817, 74.307852451975]","[0, 12.103501790022907, 13.261062705635737, 11.84843487057171, 13.261062705635737]"
"['Random Search', 'Simple Local Search', '2-opt Local Search', 'Local Search with No Improvement Limit', 'Local Search with 2-opt and No Improvement Limit']","[89.1747752179619, 75.29951626991665, 74.87400780580995, 75.51802799725817, 74.87400780580995]","[0, 15.55962312675439, 16.036785489167606, 15.314585528613625, 16.036785489167606]"
"['Random Search', 'Simple Local Search', '2-opt Local Search', 'Local Search with No Improvement Limit', 'Local Search with 2-opt and No Improvement Limit']","[86.05167032212013, 75.29951626991665, 75.56241044729373, 75.51802799725817, 75.56241044729373]","[0, 12.494997496218932, 12.189490146514997, 12.241066658475098, 12.189490146514997]"
"['Random Search', 'Simple Local Search', '2-opt Local Search', 'Local Search with No Improvement Limit', 'Local Search with 2-opt and No Improvement Limit']","[79.96545899870804, 75.29951626991665, 73.99982631274878, 75.51802799725817, 73.99982631274878]","[0, 5.834947722699594, 7.460261918906321, 5.561690081115804, 7.460261918906321]"
"['Random Search', 'Simple Local Search', '2-opt Local Search', 'Local Search with No Improvement Limit', 'Local Search with 2-opt and No Improvement Limit']","[87.7115255175075, 75.29951626991665, 73.99982631274878, 75.51802799725817, 73.99982631274878]","[0, 14.150944444710825, 15.632722294884516, 13.901819000760012, 15.632722294884516]"
"['Random Search', 'Simple Local Search', '2-opt Local Search', 'Local Search with No Improvement Limit', 'Local Search with 2-opt and No Improvement Limit']","[88.3133428511196, 75.29951626991665, 74.61480359572822, 75.51802799725817, 74.61480359572822]","[0, 14.735968723482609, 15.511290608130022, 14.488540961960894, 15.511290608130022]"
"['Random Search', 'Simple Local Search', '2-opt Local Search', 'Local Search with No Improvement Limit', 'Local Search with 2-opt and No Improvement Limit']","[87.27978937921516, 75.29951626991665, 73.98761804517501, 75.51802799725817, 73.98761804517501]","[0, 13.726285540454677, 15.229380625894992, 13.47592777848515, 15.229380625894992]"
"['Random Search', 'Simple Local Search', '2-opt Local Search', 'Local Search with No Improvement Limit', 'Local Search with 2-opt and No Improvement Limit']","[85.9907369426729, 75.29951626991665, 74.87400780580995, 75.51802799725817, 74.87400780580995]","[0, 12.432991102150593, 12.927821684182202, 12.178880328001519, 12.927821684182202]"
"['Random Search', 'Simple Local Search', '2-opt Local Search', 'Local Search with No Improvement Limit', 'Local Search with 2-opt and No Improvement Limit']","[86.02132925079749, 75.29951626991665, 75.16543127406942, 75.51802799725817, 74.00133609916728]","[0, 12.464133110081464, 12.62000723689983, 12.210112706950463, 13.973270648475571]"
"['Random Search', 'Simple Local Search', '2-opt Local Search', 'Local Search with No Improvement Limit', 'Local Search with 2-opt and No Improvement Limit']","[90.56555322647084, 75.29951626991665, 74.23332983188442, 75.51802799725817, 74.59385319736273]","[0, 16.856339317421817, 18.033593140811043, 16.615064661046556, 17.635513128450516]"
"['Random Search', 'Simple Local Search', '2-opt Local Search', 'Local Search with No Improvement Limit', 'Local Search with 2-opt and No Improvement Limit']","[81.58477843589517, 75.29951626991665, 74.46016826895726, 75.51802799725817, 74.70711057016578]","[0, 7.703964252249746, 8.732768910484987, 7.436130311249077, 8.430087079458684]"
"['Random Search', 'Simple Local Search', '2-opt Local Search', 'Local Search with No Improvement Limit', 'Local Search with 2-opt and No Improvement Limit']","[83.46726555986864, 75.29951626991665, 74.87400780580994, 75.51802799725817, 74.87400780580995]","[0, 9.785571906741687, 10.295362734622, 9.523778584682049, 10.295362734621982]"
"['Random Search', 'Simple Local Search', '2-opt Local Search', 'Local Search with No Improvement Limit', 'Local Search with 2-opt and No Improvement Limit']","[91.08438663514048, 75.29951626991665, 74.87400780580994, 75.51802799725817, 74.87400780580995]","[0, 17.329940891465586, 17.797099402189474, 17.090040579882196, 17.797099402189463]"
"['Random Search', 'Simple Local Search', '2-opt Local Search', 'Local Search with No Improvement Limit', 'Local Search with 2-opt and No Improvement Limit']","[83.4331526779928, 75.29951626991665, 74.87400780580995, 75.51802799725817, 74.00133609916728]","[0, 9.748686399838702, 10.25868566325972, 9.48678603969666, 11.304638834909273]"
"['Random Search', 'Simple Local Search', '2-opt Local Search', 'Local Search with No Improvement Limit', 'Local Search with 2-opt and No Improvement Limit']","[84.10056758982631, 75.29951626991665, 79.87515682893284, 75.51802799725817, 75.56241044729373]","[0, 10.464913105978049, 5.02423572395083, 10.205091164695508, 10.152318096323345]"
"['Random Search', 'Simple Local Search', '2-opt Local Search', 'Local Search with No Improvement Limit', 'Local Search with 2-opt and No Improvement Limit']","[84.0845028199454, 75.29951626991665, 74.87400780580995, 75.51802799725817, 75.29951626991664]","[0, 10.447806974420132, 10.953855591985086, 10.187935392840549, 10.447806974420148]"
"['Random Search', 'Simple Local Search', '2-opt Local Search', 'Local Search with No Improvement Limit', 'Local Search with 2-opt and No Improvement Limit']","[83.24276867818325, 75.29951626991665, 74.30785245197498, 75.51802799725817, 73.987618045175]","[0, 9.542273202102677, 10.733564450205495, 9.2797738513347, 11.118263820355004]"
"['Random Search', 'Simple Local Search', '2-opt Local Search', 'Local Search with No Improvement Limit', 'Local Search with 2-opt and No Improvement Limit']","[84.00853556195297, 75.29951626991665, 75.2000429593072, 75.51802799725817, 74.00133609916728]","[0, 10.366826696572707, 10.485235272491872, 10.106720118259153, 11.91212225739345]"
"['Random Search', 'Simple Local Search', '2-opt Local Search', 'Local Search with No Improvement Limit', 'Local Search with 2-opt and No Improvement Limit']","[88.49384491395385, 75.29951626991665, 75.10357827750374, 75.51802799725817, 74.00133609916728]","[0, 14.909882892834613, 15.131297153457401, 14.66295981298201, 16.37685516871623]"
"['Random Search', 'Simple Local Search', '2-opt Local Search', 'Local Search with No Improvement Limit', 'Local Search with 2-opt and No Improvement Limit']","[87.3902293663891, 75.29951626991665, 75.16543127406942, 76.41015813737549, 75.06919125218998]","[0, 13.835314524443412, 13.98874700404599, 12.564415162453638, 14.098873756861737]"
"['Random Search', 'Simple Local Search', '2-opt Local Search', 'Local Search with No Improvement Limit', 'Local Search with 2-opt and No Improvement Limit']","[85.00958107745545, 75.29951626991665, 74.30785245197498, 76.41015813737549, 74.59385319736273]","[0, 11.422318148693842, 12.588849974133762, 10.11582792326044, 12.252416431275615]"
"['Random Search', 'Simple Local Search', '2-opt Local Search', 'Local Search with No Improvement Limit', 'Local Search with 2-opt and No Improvement Limit']","[86.68823705751467, 75.29951626991665, 74.96631478024752, 76.41015813737549, 75.1654312740694]","[0, 13.137561881714117, 13.521929474110845, 11.856370909146563, 13.292236841545503]"
"['Random Search', 'Simple Local Search', '2-opt Local Search', 'Local Search with No Improvement Limit', 'Local Search with 2-opt and No Improvement Limit']","[88.80722775426649, 75.29951626991665, 75.16543127406942, 76.41015813737549, 73.99982631274878]","[0, 15.210148797490078, 15.36113312527278, 13.959527766359558, 16.67364449489454]"
"['Random Search', 'Simple Local Search', '2-opt Local Search', 'Local Search with No Improvement Limit', 'Local Search with 2-opt and No Improvement Limit']","[84.57480635718734, 75.29951626991665, 74.87400780580995, 76.41015813737549, 74.59385319736273]","[0, 10.966965798417649, 11.470080712225, 9.653759283030276, 11.801331377185479]"
"['Random Search', 'Simple Local Search', '2-opt Local Search', 'Local Search with No Improvement Limit', 'Local Search with 2-opt and No Improvement Limit']","[83.6649020669263, 75.29951626991665, 75.16543127406942, 76.41015813737549, 73.99982631274878]","[0, 9.998679960585987, 10.158944291906154, 8.671191563395968, 11.552127015514953]"
"['Random Search', 'Simple Local Search', '2-opt Local Search', 'Local Search with No Improvement Limit', 'Local Search with 2-opt and No Improvement Limit']","[89.51350817997006, 75.29951626991665, 74.30785245197498, 76.41015813737549, 74.00133609916728]","[0, 15.879158575123295, 16.986995635813507, 14.638405207234001, 17.329420325717788]"
"['Random Search', 'Simple Local Search', '2-opt Local Search', 'Local Search with No Improvement Limit', 'Local Search with 2-opt and No Improvement Limit']","[87.18061284019488, 75.29951626991665, 74.87400780580995, 76.41015813737549, 73.99982631274877]","[0, 13.628140687719984, 14.11621762391527, 12.35418558316631, 15.118942271726125]"
"['Random Search', 'Simple Local Search', '2-opt Local Search', 'Local Search with No Improvement Limit', 'Local Search with 2-opt and No Improvement Limit']","[91.3243911320671, 75.29951626991665, 74.87400780580995, 76.41015813737549, 74.00133609916728]","[0, 17.54720142505672, 18.0131322227681, 16.331051113304078, 18.96870575118142]"
"['Random Search', 'Simple Local Search', '2-opt Local Search', 'Local Search with No Improvement Limit', 'Local Search with 2-opt and No Improvement Limit']","[83.61318043475444, 75.29951626991665, 74.87400780580995, 76.41015813737549, 74.00133609916728]","[0, 9.943006738423446, 10.4519079211009, 8.61469718042798, 11.495609048249921]"
